<?xml version="1.0" encoding="UTF-8"?>
<!DOCTYPE mapper PUBLIC "-//mybatis.org//DTD Mapper 3.0//EN"
 "https://mybatis.org/dtd/mybatis-3-mapper.dtd">
 
 <mapper namespace = "icia.spring.help.mapper.AuthMapperInterface">
 
 <select id="isGroupName" parameterType = "icia.spring.help.bean.GroupBean" resultType = "int">
 	SELECT COUNT(*) FROM T5DBA.DUPGROUPNAME WHERE GROUPNAME = #{groupName}
 </select>
 
 <insert id="insTemp" parameterType = "icia.spring.help.bean.GroupBean">
 	INSERT INTO T5DBA.TEMP(TEMP_GROUPNAME) VALUES(#{groupName})
 </insert>
 
 <delete id="delTemp" parameterType = "icia.spring.help.bean.GroupBean">
 	DELETE FROM T5DBA.TEMP WHERE TEMP_GROUPNAME = #{groupName}
 </delete>
 
 <insert id="insStore" parameterType = "icia.spring.help.bean.GroupBean">
 	INSERT INTO ST(ST_CODE, ST_NAME, ST_ZIPCODE, ST_ADDR, ST_ADDRDETAIL, ST_PHONE, ST_SICODE, ST_SGCODE) VALUES(#{storeInfoList[0].storeCode}, #{storeInfoList[0].storeName} , #{storeInfoList[0].storeZip}, 
 	#{storeInfoList[0].storeAddr}, #{storeInfoList[0].storeAddrDetail}, #{storeInfoList[0].storePhone}, DEFAULT, #{groupCode})
 </insert>
 
 <insert id = "insGroup" parameterType = "icia.spring.help.bean.GroupBean" useGeneratedKeys="true" keyProperty="groupCode" keyColumn="SG_CODE">
 	INSERT INTO SG(SG_CODE, SG_NAME, SG_CEO, SG_PIN) VALUES ('S'||T5DBA.STORECODE.NEXTVAL, #{groupName}, #{groupCeo}, #{groupPin})
 </insert>
 
 <insert id="insCategory" parameterType = "icia.spring.help.bean.GroupBean">
 	INSERT INTO SC(SC_STCODE, SC_CODE, SC_NAME) VALUES(#{storeInfoList[0].storeCode}, #{storeInfoList[0].cateList[0].levCode}, #{storeInfoList[0].cateList[0].levName})
 </insert>
 

 <insert id="insEmp" parameterType = "icia.spring.help.bean.GroupBean">
 	INSERT INTO SE(SE_STCODE, SE_CODE, SE_SCLEV, SE_NAME, SE_PIN, SE_SICODE)
	VALUES(#{storeInfoList[0].storeCode}, #{storeInfoList[0].empList[0].empCode}, #{storeInfoList[0].empList[0].empLevCode}, #{groupCeo}, #{groupPin}, DEFAULT)
 </insert>
 
 
 </mapper>